gene	top_variant
ENSG00000156515	chr10_69338210_G_A
ENSG00000133112	chr13_45340822_T_C
ENSG00000139168	chr12_42326088_A_G
ENSG00000151366	chr11_78079607_T_C
ENSG00000131981	chr14_55129121_T_A
ENSG00000173153	chr11_64340049_G_A
ENSG00000104714	chr8_638892_G_A
ENSG00000100376	chr22_45330464_A_G
ENSG00000099817	chr19_1095152_A_G
ENSG00000117395	chr1_43177317_G_T
ENSG00000163597	chr17_76559024_T_C
ENSG00000043514	chr1_39883459_G_A
ENSG00000177600	chr11_810009_TCTCCGCCGC_T
ENSG00000087088	chr19_48955847_A_G
ENSG00000035681	chr8_58599775_G_A
ENSG00000232629	chr6_32661939_T_C
ENSG00000064490	chr19_19192993_T_C
ENSG00000198791	chr8_17246679_G_A
ENSG00000123268	chr12_50827344_A_G
ENSG00000183963	chr22_31095309_G_C
ENSG00000167895	chr17_78135779_C_T
ENSG00000135249	chr7_105531536_C_G
ENSG00000239672	chr17_51153191_T_G
ENSG00000196092	chr9_37002145_A_G
ENSG00000095380	chr9_98056788_T_G
ENSG00000167468	chr19_1105622_A_AG
ENSG00000148057	chr9_83673568_C_A
ENSG00000126804	chr14_64489663_G_A
ENSG00000066379	chr6_30063150_A_ATT
ENSG00000176102	chr11_33095823_T_A
ENSG00000151353	chr2_676177_C_G
ENSG00000038219	chr4_13626191_C_T
ENSG00000050426	chr12_51059899_G_A
ENSG00000148943	chr11_27495862_T_C
ENSG00000113360	chr5_31531512_A_G
ENSG00000143742	chr1_225777848_G_A
ENSG00000204252	chr6_33009538_A_G
ENSG00000043143	chr5_134520666_CT_C
ENSG00000126267	chr19_35650084_A_G
ENSG00000141698	chr17_41858406_T_A
ENSG00000155115	chr6_110931131_G_A
ENSG00000115307	chr2_74528984_G_GA
ENSG00000173486	chr11_64242407_G_A
ENSG00000136932	chr9_97914884_T_C
ENSG00000140379	chr15_79968530_G_A
ENSG00000158710	chr1_159925471_G_A
ENSG00000125648	chr19_6436846_T_C
ENSG00000135596	chr6_109401814_T_TCC
ENSG00000152601	chr3_152244438_G_A
ENSG00000240344	chr2_200877622_C_T
ENSG00000163320	chr3_88122078_A_C
ENSG00000156030	chr14_73787509_G_A
ENSG00000143498	chr1_222589893_T_G
ENSG00000125835	chr20_2477142_G_T
ENSG00000137563	chr8_63070235_G_A
ENSG00000176476	chr16_28550260_C_T
ENSG00000142694	chr1_36246432_C_T
ENSG00000167526	chr16_89564222_C_T
ENSG00000164484	chr6_130280403_C_A
ENSG00000166949	chr15_67149426_C_G
ENSG00000101343	chr20_20053111_C_T
ENSG00000123983	chr2_222900231_GAAT_G
ENSG00000064703	chr1_111755960_A_G
ENSG00000189077	chr7_76137239_C_CA
ENSG00000141030	chr17_17280766_G_C
ENSG00000100221	chr22_38684240_A_G
ENSG00000011478	chr19_45687010_G_A
ENSG00000130175	chr19_11448343_A_G
ENSG00000177731	chr17_18258631_G_T
ENSG00000105875	chr7_135173342_T_TA
ENSG00000104450	chr8_100169984_G_GA
ENSG00000196586	chr6_75749422_C_G
ENSG00000166441	chr11_8683981_C_G
ENSG00000223865	chr6_33106835_C_A
ENSG00000124155	chr20_45420332_A_C
ENSG00000125538	chr2_112852467_G_A
ENSG00000075234	chr22_46268515_C_T
ENSG00000175376	chr11_65974392_C_A
ENSG00000177700	chr11_833828_G_A
ENSG00000182511	chr15_90882002_C_T
ENSG00000136238	chr7_6400806_A_G
ENSG00000145592	chr5_40834633_T_C
ENSG00000179532	chr11_6507389_T_G
ENSG00000134001	chr14_67360380_G_C
ENSG00000135821	chr1_182362701_C_A
ENSG00000163932	chr3_53174901_T_C
ENSG00000176485	chr11_63606853_G_C
ENSG00000162613	chr1_77979080_C_CGGCCG
ENSG00000167553	chr12_49230728_T_G
ENSG00000187688	chr17_16406140_C_T
ENSG00000099821	chr19_633381_A_G
ENSG00000154518	chr2_175184841_C_G
ENSG00000142046	chr19_41377293_G_A
ENSG00000132471	chr17_75848667_A_G
ENSG00000107796	chr10_88988581_T_C
ENSG00000164849	chr7_1041317_T_C
ENSG00000103121	chr16_81131682_C_T
ENSG00000135426	chr12_54986985_G_T
ENSG00000123685	chr1_212699754_T_C
ENSG00000167004	chr15_43658465_C_A
ENSG00000146278	chr6_89057103_TATATA_T
ENSG00000131042	chr19_54276225_T_C
ENSG00000136167	chr13_46161310_T_C
ENSG00000229117	chr12_56116853_A_G
ENSG00000115956	chr2_68400348_G_C
ENSG00000162623	chr1_74733975_CT_C
ENSG00000176531	chr19_43498390_A_T
ENSG00000278970	chr5_180830825_C_CAGAGGTAGCTACCATTTGCGT
ENSG00000148362	chr9_136992590_G_C
ENSG00000100577	chr14_77326894_G_A
ENSG00000030419	chr2_213152393_G_A
ENSG00000127952	chr7_76047898_C_T
ENSG00000137161	chr6_42929210_T_TCTC
ENSG00000173402	chr3_49504267_C_CT
ENSG00000137265	chr6_396321_C_T
ENSG00000183955	chr12_123248777_C_A
ENSG00000076067	chr12_56487267_G_C
ENSG00000162194	chr11_62677326_T_G
ENSG00000100097	chr22_37673061_C_A
ENSG00000136243	chr7_23181520_T_TCA
ENSG00000116161	chr1_174997294_G_A
ENSG00000149932	chr16_29946895_G_A
ENSG00000140563	chr15_94298191_T_C
ENSG00000108774	chr17_42120576_C_A
ENSG00000134308	chr2_9631491_T_C
ENSG00000169032	chr15_66387311_T_TC
ENSG00000123358	chr12_52041960_C_T
ENSG00000204469	chr6_31619265_C_T
ENSG00000157764	chr7_140783600_T_C
ENSG00000168071	chr11_64285685_T_G
ENSG00000081019	chr1_113851841_C_T
ENSG00000130347	chr6_106676700_G_A
ENSG00000103342	chr16_11851921_C_A
ENSG00000104812	chr19_49009356_G_T
ENSG00000157303	chr9_93075788_G_C
ENSG00000188290	chr1_989068_GTTGA_G
ENSG00000132274	chr11_5689666_A_C
ENSG00000171160	chr10_97633477_G_A
ENSG00000064787	chr20_54059491_C_CT
ENSG00000110367	chr11_118787487_G_A
ENSG00000163281	chr4_44726513_A_G
ENSG00000213380	chr16_69328549_C_G
ENSG00000197375	chr5_132380436_C_CT
ENSG00000111642	chr12_6601981_C_A
ENSG00000140403	chr15_78293556_T_C
ENSG00000162430	chr1_25884695_CA_C
ENSG00000198331	chr11_125906364_G_C
ENSG00000144120	chr2_119652040_G_T
ENSG00000153395	chr5_1494324_C_T
ENSG00000113575	chr5_134226119_G_A
ENSG00000130731	chr16_636337_G_A
ENSG00000143499	chr1_214275218_T_C
ENSG00000128159	chr22_50234448_T_C
ENSG00000115484	chr2_61835468_TA_T
ENSG00000132361	chr17_2832374_C_T
ENSG00000137767	chr15_45643195_C_A
ENSG00000176155	chr17_82116640_A_C
ENSG00000103257	chr16_87872731_T_G
ENSG00000075303	chr7_87876338_C_A
ENSG00000240972	chr22_23952716_T_G
ENSG00000131711	chr5_72093924_G_A
ENSG00000135476	chr12_53263683_G_A
ENSG00000163319	chr4_83435973_CA_C
ENSG00000183207	chr19_49032577_G_A
ENSG00000104361	chr8_98192883_T_C
ENSG00000158773	chr1_161035484_G_A
ENSG00000160190	chr21_42514885_G_GTGCC
ENSG00000054148	chr9_136849045_T_C
ENSG00000140968	chr16_85895678_A_C
ENSG00000205250	chr16_67192502_G_A
ENSG00000070761	chr16_58144692_G_A
ENSG00000186818	chr19_54662363_G_C
ENSG00000139517	chr13_27620912_T_G
ENSG00000135318	chr6_85431026_T_TA
ENSG00000196531	chr12_56742590_C_A
ENSG00000123240	chr10_13102947_T_TA
ENSG00000127084	chr9_92975367_G_A
ENSG00000213390	chr10_97332009_C_G
ENSG00000197563	chr18_62161889_AT_A
ENSG00000115687	chr2_241128973_G_T
ENSG00000175390	chr11_7987387_C_T
ENSG00000213889	chr19_45492798_G_A
ENSG00000185433	chr21_25449671_T_C
ENSG00000117505	chr1_93346012_A_G
ENSG00000133048	chr1_203186754_G_C
ENSG00000058729	chr5_97149049_A_G
ENSG00000166794	chr15_64167405_G_C
ENSG00000165171	chr7_73847487_T_C
ENSG00000143149	chr1_165699056_G_T
ENSG00000123064	chr12_113183705_C_T
ENSG00000160007	chr19_46907478_T_TTTTG
ENSG00000198931	chr16_88811949_G_T
ENSG00000136842	chr9_97524149_C_A
ENSG00000131435	chr5_132241637_A_G
ENSG00000204599	chr6_30326012_C_T
ENSG00000105373	chr19_47745667_G_A
ENSG00000145439	chr4_169002740_AT_A
ENSG00000108819	chr17_50134169_T_G
ENSG00000118971	chr12_4273870_C_T
ENSG00000141232	chr17_50830473_T_C
ENSG00000117226	chr1_89037591_T_C
ENSG00000143013	chr1_87331207_C_T
ENSG00000139697	chr12_123364976_C_T
ENSG00000120437	chr6_159697350_T_TACCA
ENSG00000163931	chr3_53236206_T_C
ENSG00000179218	chr19_12927601_G_A
ENSG00000159461	chr16_56497273_C_G
ENSG00000213639	chr2_28585483_G_C
ENSG00000204287	chr6_32625742_G_A
ENSG00000111276	chr12_12730698_AG_A
ENSG00000198690	chr15_30832440_C_T
ENSG00000130775	chr1_27946505_T_G
ENSG00000159592	chr1_45561683_T_C
ENSG00000168876	chr11_94498091_C_G
ENSG00000117054	chr1_75538456_T_C
ENSG00000166848	chr16_75582854_T_C
ENSG00000108179	chr10_79349702_C_T
ENSG00000172575	chr15_38564760_C_T
ENSG00000176142	chr3_119478906_G_A
ENSG00000127980	chr7_92499570_T_C
ENSG00000163435	chr1_202031760_A_C
ENSG00000141068	chr17_27557943_T_C
ENSG00000110921	chr12_109612444_T_TA
ENSG00000116906	chr1_231280801_T_C
ENSG00000136247	chr7_6577616_C_G
ENSG00000138764	chr4_77158542_T_G
ENSG00000160284	chr21_46226056_G_C
ENSG00000099804	chr19_532066_C_T
ENSG00000128284	chr22_36149778_T_C
ENSG00000164430	chr6_73449901_A_T
ENSG00000146409	chr6_132781757_TA_T
ENSG00000158006	chr1_25997617_C_A
ENSG00000120915	chr8_27466305_C_A
ENSG00000109111	chr17_28673373_A_G
ENSG00000188976	chr1_1119608_CAG_C
ENSG00000152492	chr3_191364601_T_A
ENSG00000152464	chr10_15093790_T_TAC
ENSG00000187607	chr17_15687236_C_A
ENSG00000196417	chr19_53394934_T_C
ENSG00000182952	chr6_26538315_C_A
ENSG00000168014	chr11_74099895_CA_C
ENSG00000170364	chr3_4418999_T_A
ENSG00000116525	chr1_33328378_A_AT
ENSG00000105186	chr19_32677721_G_A
ENSG00000130812	chr19_10181296_A_G
ENSG00000154920	chr17_50374622_C_T
ENSG00000204356	chr6_32037527_A_G
ENSG00000105122	chr19_15465850_A_G
ENSG00000130939	chr1_10033012_G_C
ENSG00000126457	chr19_49680192_C_T
ENSG00000106484	chr7_130294379_T_C
ENSG00000125144	chr16_56763516_A_G
ENSG00000168827	chr3_158790936_C_G
ENSG00000135778	chr1_232950648_C_G
ENSG00000134287	chr12_48957607_G_A
ENSG00000183010	chr17_81945582_A_G
ENSG00000107485	chr10_8193670_C_G
ENSG00000215041	chr17_7327526_G_T
ENSG00000157470	chr15_59435385_C_T
ENSG00000105281	chr19_46763378_A_G
ENSG00000204248	chr6_33158082_G_T
ENSG00000107672	chr10_121914369_AT_A
ENSG00000107201	chr9_32559116_C_T
ENSG00000185122	chr8_144173575_G_A
ENSG00000167695	chr17_733026_A_AGGGCC
ENSG00000166851	chr16_23625104_G_A
ENSG00000197747	chr1_151958824_C_G
ENSG00000140265	chr15_43275308_G_GT
ENSG00000080824	chr14_102127645_T_TTA
ENSG00000123329	chr12_57476680_AG_A
ENSG00000155744	chr2_201140114_G_C
ENSG00000115233	chr2_161336110_ATGGTCTCCACCTTTTATTCATT_A
ENSG00000132763	chr1_45533689_A_G
ENSG00000134256	chr1_116867578_A_T
ENSG00000131944	chr19_32972322_C_T
ENSG00000112697	chr6_75275560_T_C
ENSG00000144815	chr3_101785373_T_C
ENSG00000069966	chr15_52079041_T_G
ENSG00000100982	chr20_45869752_G_A
ENSG00000214922	chr6_29728144_C_A
ENSG00000111665	chr12_6667903_TTGC_T
ENSG00000107625	chr10_68889292_T_C
ENSG00000100731	chr14_70834450_A_G
ENSG00000137720	chr11_111948714_C_T
ENSG00000106538	chr7_150340934_G_C
ENSG00000135108	chr12_117114496_C_T
ENSG00000121310	chr1_52903825_T_C
ENSG00000152240	chr18_46104399_G_C
ENSG00000148429	chr10_11510200_T_C
ENSG00000152229	chr18_46094186_C_T
ENSG00000181038	chr17_76599498_T_G
ENSG00000135437	chr12_55819513_G_T
ENSG00000138303	chr10_72136155_T_C
ENSG00000122386	chr16_2926597_T_C
ENSG00000130669	chr19_39050297_C_T
ENSG00000101187	chr20_62656375_G_A
ENSG00000118640	chr2_85561615_C_A
ENSG00000100418	chr22_41561212_C_G
ENSG00000114120	chr3_140907727_G_A
ENSG00000152689	chr2_33479718_C_A
ENSG00000095564	chr10_91900706_CA_C
ENSG00000179335	chr15_74755358_A_C
ENSG00000169696	chr17_82032542_C_CTTCCACG
ENSG00000159023	chr1_28876633_T_A
ENSG00000105438	chr19_48459988_C_A
ENSG00000143294	chr1_156808319_C_T
ENSG00000128708	chr2_171816943_G_A
ENSG00000138668	chr4_82374336_T_G
ENSG00000105321	chr19_47265908_T_G
ENSG00000115866	chr2_135946844_C_G
ENSG00000106290	chr7_100149507_G_A
ENSG00000101138	chr20_56256906_G_T
ENSG00000104442	chr8_65580376_G_GTTT
ENSG00000162819	chr1_222754232_CAAAA_C
ENSG00000085063	chr11_33724229_C_T
ENSG00000146021	chr5_137681992_G_A
ENSG00000101181	chr20_62201219_A_G
ENSG00000183208	chr15_90233143_T_C
ENSG00000074370	chr17_3964644_T_C
ENSG00000131652	chr16_3219751_T_C
ENSG00000145241	chr4_67545510_C_T
ENSG00000229921	chr6_168014000_A_AAT
ENSG00000070444	chr17_2467706_G_A
ENSG00000075702	chr19_35859952_G_A
ENSG00000221926	chr17_15676503_C_T
ENSG00000115232	chr2_181514319_G_A
ENSG00000128789	chr18_12594291_A_G
ENSG00000130303	chr19_17395367_T_C
ENSG00000073969	chr17_46610045_T_C
ENSG00000105401	chr19_10412410_T_C
ENSG00000166793	chr11_57651876_G_T
ENSG00000129084	chr11_14708310_T_G
ENSG00000164603	chr7_113119971_T_G
ENSG00000160214	chr21_43826103_G_A
ENSG00000100427	chr22_50090705_T_C
ENSG00000100412	chr22_41551712_T_C
ENSG00000015171	chr10_46915_C_T
ENSG00000198843	chr3_150603336_G_A
ENSG00000152942	chr5_69376088_C_T
ENSG00000168061	chr11_65042831_T_C
ENSG00000166169	chr10_101640193_C_T
ENSG00000158691	chr6_28397334_T_TTC
ENSG00000092841	chr12_56171608_T_G
ENSG00000028137	chr1_12189175_T_A
ENSG00000120458	chr11_124827014_C_T
ENSG00000112812	chr6_27309886_G_A
ENSG00000130734	chr19_10412931_GA_G
ENSG00000115145	chr2_152288131_T_C
ENSG00000233791	chr1_203300163_T_G
ENSG00000164062	chr3_49584285_A_AT
ENSG00000156587	chr11_57590909_T_C
ENSG00000134077	chr3_9381294_C_T
ENSG00000139354	chr12_100546651_T_C
